#,@@ORI@@,@@WINS@@,@@RSA@@,@@OVER@@,@@HS@@,@@LIGHTS@@,Electricity:Facility [J](RunPeriod),DistrictHeating:Facility [J](RunPeriod),DistrictCooling:Facility [J](RunPeriod),ZONE ONE:Zone Thermal Comfort ASHRAE 55 Simple Model Summer or Winter Clothes Not Comfortable Time [hr](RunPeriod)
0,78.16382028,0.053802192,0.418632439,1.637014332,17.19553309,888.7992273,9404491280,30747395742,178490805.8,6898
1,23.60770407,0.064954969,0.555359289,0.13212315,16.91377255,958.3591451,10140513118,29147949673,561839853.9,6807
2,85.61032605,0.083690645,0.649926385,1.753640615,19.75772869,893.2584681,9451675042,55906456798,264190321.3,6643.5
3,69.43457561,0.050434293,0.55201044,0.276760797,19.63027421,1167.045742,12348651047,49637586712,504282183.7,6417.75
4,36.63736382,0.069938166,0.802213415,1.631944355,17.90153042,976.628502,10333823375,37432515190,345733198.1,6845
5,88.75034312,0.052187893,0.753701444,1.688164236,18.44380095,941.7583608,9964858226,40357024601,246702620.8,6827.75
6,75.35436905,0.039318502,0.644581069,0.560625553,17.98072856,989.1094946,10465886256,34773746551,355160628.3,6730.75
7,75.06108139,0.052897875,0.494431241,0.217529034,19.17979378,1139.076062,12052700502,45897690000,503705459.1,6694
8,13.2354374,0.043270936,0.693014101,0.234421265,19.63267102,1062.932253,11247013721,49230469472,592678362.7,6440.25
9,25.06554156,0.06346642,0.768831633,0.782339561,17.16432331,905.878659,9585210796,31126902717,426273989.4,6815
10,27.57175895,0.085824551,0.728516997,0.334640836,19.09529833,943.5584878,9983905586,49092441471,582225965.9,6817.25
11,37.76530232,0.058866975,0.56558342,0.449493823,19.37260072,1162.116891,12296498282,48400323201,512391610.9,6640
12,80.15977361,0.066053066,0.739176618,1.656383995,19.56307126,919.4072326,9728358257,52099386430,262699622.8,6716
13,78.39683216,0.040200766,0.5256151,0.263437927,17.46504879,914.6448487,9677966901,31072004593,386172798.8,6751.5
14,57.0817722,0.069176721,0.767502403,1.497813936,20.01618892,946.4219313,10014204026,56654787417,305701424,6140.25
15,7.211486789,0.082471618,0.387773383,0.495356651,19.33397182,1184.952401,12538123553,50488752684,551370770.2,6752.75
16,3.651619995,0.05741366,0.651690549,1.597465099,20.01072926,1048.133254,11090423738,55058660358,344224346.1,6063.75
17,18.40903296,0.059145228,0.683012594,1.816589596,18.63115147,866.1827622,9165183749,43125207227,279162306.6,6847
18,26.03795542,0.03821689,0.513065345,0.292756741,20.09848117,948.1382126,10032364204,53480777639,429679157.9,5663.75
19,79.03982543,0.02692441,0.587023819,0.160906564,20.18515554,975.9992387,10327165064,52275669150,432179509.1,5207
20,27.77675671,0.061629813,0.695564384,1.009896155,19.05696675,917.0308453,9703213418,46812642508,364289461,6775.75
21,3.024919925,0.073776907,0.53697372,1.896288602,21.78322814,1102.943405,11670376519,74973828949,339279544.4,2253.5
22,21.51873862,0.051781013,0.301902047,0.894842639,17.08455867,998.7019706,10567385395,29481390465,297245553.7,6800
23,66.40135783,0.04644538,0.703304231,0.416672,19.82692949,875.4778885,9263536596,52071704145,386039611.2,6210.75
24,51.16961099,0.081811069,0.786386461,1.08868778,19.02027904,927.0503447,9809230943,48250992599,373794217,6835.75
25,49.46414678,0.065839254,0.470804899,0.635453831,15.98670705,851.9970019,9015082517,22725828663,320882524.4,6850
26,40.32203636,0.065476341,0.81842152,0.588067799,18.28595065,974.5879158,10312231687,39984418930,483574082,6788
27,87.94341797,0.084022883,0.573602775,0.668068074,16.62377462,1090.541028,11539145477,27856744788,444548252.4,6867.25
28,21.6656381,0.059536666,0.585581596,1.905989947,16.72856414,965.9851848,10221205159,27498580159,278190219.6,6860
29,69.18630716,0.063069314,0.351584215,1.51495657,20.70650435,1031.507619,10914505898,62923463168,218763196.5,4629
30,17.14299805,0.057029025,0.718162286,1.265977735,17.35846603,1018.956267,10781698531,31882951267,376017470.4,6795.5
31,74.58481905,0.079671691,0.405276318,1.81282037,19.85765899,848.9360973,8982694718,56919352151,205159544.9,6563.25
32,56.52099236,0.048674046,0.437435776,2.095031637,18.3841511,961.8260656,10177197019,39742537048,192777473.2,6853.5
33,31.57885705,0.068472073,0.395981796,0.200110627,18.51807968,982.4179905,10395082648,42370892453,490983904.1,6784.75
34,69.82451981,0.039922759,0.662657903,1.381533592,19.4459792,1035.77927,10959704750,47503881728,244609295.1,6637.5
35,32.57999665,0.067216434,0.856133373,0.719083477,20.46694045,996.7768319,10547015272,60362932926,494835476.9,5123.5
36,36.99855047,0.053146994,0.48907716,0.742792569,17.00871399,1052.822799,11140044370,28691091797,363532035.1,6769.5
37,54.17188881,0.067985457,0.480064201,1.142809804,17.54488381,1190.16414,12593269589,33743712767,343240064.7,6796.25
38,61.40715547,0.018069102,0.608535378,1.478828522,19.40535657,1026.655203,10863161902,44138442246,187996453.5,6550
39,70.03025302,0.054251321,0.648521234,1.418630761,20.12874398,932.1908098,9863622821,56212854356,241453502.6,5802.75
40,49.13571241,0.055166228,0.627316278,0.382127893,21.17986236,907.7325511,9604827052,66439811820,423646680.9,3661.25
41,72.30894089,0.073407881,0.698142969,1.201316599,17.52416633,1143.42473,12098714278,34013160144,362959588.6,6818.25
42,33.4486021,0.055657594,0.59482023,0.842929469,17.78715341,923.7750234,9774574376,35378880835,343816900.4,6793.25
43,85.99535982,0.076091866,0.374309452,2.010495342,16.67580554,1220.017329,12909149760,27624753403,273235285.5,6879.75
44,4.197092096,0.034849527,0.641257691,0.857228512,18.19399121,908.8518631,9616670626,36560890654,348831592.3,6732.75
45,53.31030114,0.060965666,0.589955718,1.316094817,18.97603162,1080.71049,11435127378,45512935084,307237877,6769.25
46,0.892005385,0.046127367,0.809491475,0.437990994,19.81515694,1070.56789,11327807312,51277507744,594091113.2,6244.75
47,9.546260689,0.06556992,0.478403599,1.403781088,17.03456026,1106.7388,11710536051,29942141871,350974182.8,6826
48,86.99356715,0.03584453,0.716375601,1.762408582,21.12981357,922.8041442,9764301387,63836919317,204640922.3,3488.75
49,22.46280299,0.07895762,0.505617372,1.331932924,19.8839709,1128.415748,11939902436,55809060425,385376806.5,6385.5
50,71.84336248,0.042024017,0.579004873,0.255341824,18.67803703,1092.98296,11564983857,40366274280,470548128.7,6695.25
51,41.69115876,0.037428244,0.755515621,0.67442015,17.70713835,817.9478421,8654804271,33088293707,325501481.8,6741
52,74.36364097,0.048530616,0.53948482,0.48033831,20.91149751,1213.031108,12835227721,61686294112,455718821.6,3988
53,54.60331213,0.062983459,0.384688242,1.300899124,20.27215556,962.9602218,10189197662,58707110883,236194346.3,5576
54,8.653554405,0.033863766,0.575156769,0.806755796,16.80652509,876.3787551,9273068774,25942384617,322915603.4,6750.75
55,76.13200561,0.086750458,0.812264598,0.919316052,17.91630282,993.4349536,10511654457,38564145612,410041038.1,6872
56,38.2626309,0.0602316,0.457521683,1.857709312,19.68311399,831.6284397,8799560316,53274341488,211901991.4,6654.5
57,83.65581004,0.095540914,0.49073819,0.817200006,19.11660648,956.0910695,10116514338,50255412891,355149605.2,6876.5
58,18.80475341,0.059945179,0.540699557,1.774823407,19.1093408,1032.92241,10929475969,46989326830,297056717.1,6792.25
59,81.65712894,0.071021984,0.558627975,0.946351642,15.6585928,882.8720182,9341774769,20695015677,283936569.1,6890
60,27.02928112,0.040580942,0.735185821,1.248064979,18.9718751,873.6789347,9244501649,43903235091,288247287.1,6737.5
61,49.97331418,0.08780101,0.609882822,1.283974724,19.15236288,1039.474789,10998807482,49774942900,355875607.6,6835
62,50.23791883,0.063705729,0.58432903,1.824398916,18.16447141,1174.674724,12429374219,38530689499,314277497.4,6799
63,13.92697535,0.028283654,0.548837921,1.432247194,18.31457808,1154.815769,12219244232,36064839567,299110110.4,6659
64,28.00842927,0.0260477,0.62223244,1.586500407,17.38122571,1194.441667,12638530610,28437273691,291885666.3,6641.5
65,59.45827267,0.043512577,0.577281729,0.778913093,17.33770155,1024.312986,10838378625,30253388525,314213807.8,6745.75
66,18.22017073,0.064072921,0.507852018,1.057196029,20.35268954,911.8995516,9648918584,59678929532,331216813.4,5432.5
67,77.83975416,0.089119537,0.718658048,0.507037358,20.64719812,1116.704086,11815979935,63862506210,544227691.7,4870
68,42.56952858,0.092243303,0.701469016,0.147302785,16.23274558,839.3587454,8881355608,26114534373,572494446.6,6890.25
69,58.41517009,0.064691201,0.421012989,1.850226945,18.78981255,936.4207914,9908380764,44965302419,213339018.6,6886
70,58.6945211,0.049652984,0.483184129,1.913897624,17.15484547,933.16951,9873978565,29968888517,197489955.9,6868.5
71,33.29850435,0.070826942,0.362175532,1.229150034,20.14494167,1136.242179,12022714843,57606127612,329854800.3,5904
72,53.76756886,0.066826661,0.666963896,0.751526791,20.44466125,846.6804215,8958827141,60838469190,343640071.9,5188.5
73,21.00781499,0.087267626,0.879420578,1.978010363,18.031811,1036.369286,10965947782,39728907397,412850124.8,6882.25
74,15.32473813,0.0687499,0.466346626,1.679400048,18.93923072,1131.859248,11976338521,45993319386,333413752.6,6804.5
75,85.27669421,0.040778393,0.599792494,1.996428043,19.77939749,905.1864099,9577886025,51482166527,186191542.1,6405.25
76,67.96431199,0.048894741,0.680324807,1.831545022,18.87827034,1201.815476,12716553764,42961093766,297187503.8,6737.75
77,63.93982461,0.044840369,0.731226925,2.027010943,20.86579772,1196.824176,12663740224,61314978790,300253282.4,4059.25
78,84.76317748,0.056135442,0.45495121,1.949107019,18.84337408,1014.082307,10730126581,44284049313,209288969.8,6853
79,1.166770275,0.077688394,0.524137019,0.312512454,17.94949897,921.7096014,9752719897,38595573541,542117858.8,6860
80,16.04988332,0.06000757,0.591427636,0.870406653,20.22493635,872.4063881,9231036681,57972068803,363331924.1,5684.75
81,60.17996805,0.075645871,0.787825117,1.482867437,18.78189384,1172.681376,12408282363,44743582635,388270008.5,6799
82,6.915665877,0.046013385,0.342067441,2.025751711,18.83503293,930.2318177,9842894491,43569323924,197906043.4,6840
83,82.99090506,0.049506153,0.571695541,1.532558629,17.86265882,859.7530174,9097149848,35627200667,193489266.1,6868.5
84,88.98455452,0.053887824,0.35672819,0.139922926,16.57246868,910.6925407,9636147056,25741989180,425382072.7,6827.25
85,22.0178715,0.056242363,0.657826367,0.461805554,19.91437703,1222.859482,12939222925,52932935653,593486853,6127.75
86,59.14119437,0.060874442,0.74860924,0.823808372,17.5524429,1146.347496,12129640419,33116711003,431976121.6,6760.25
87,82.27377665,0.07252998,0.600140965,0.468231633,19.25603664,971.9747211,10284581161,49281260465,438794868.8,6782.25
88,88.30654472,0.05658127,0.425639684,1.871696232,21.03392305,1025.207565,10847844271,65582287000,209550145.2,3961
89,46.46866246,0.064344244,0.687112797,1.715376884,21.23453488,959.4058189,10151588099,68562490843,289012775.3,3623.75
90,7.653477794,0.069764793,0.53862011,1.626483183,18.45255114,1141.617673,12079593596,41689426809,363917214.6,6819.75
91,18.93025684,0.084494517,0.712913402,0.477435022,20.51879981,781.1749131,8265705497,63567485834,488819348.5,5249.25
92,60.92657551,0.067864571,0.543816261,1.923608379,18.12158989,1066.934294,11289359799,38915247952,268376353.9,6862.25
93,16.55167561,0.062366592,0.411836286,1.126326703,18.57562314,1082.588485,11454998668,42249113550,347419526.1,6790.25
94,38.40817439,0.045358397,0.678163282,1.159956707,18.13365691,1077.322169,11399275151,36644505938,336693563.4,6728.5
95,44.7979748,0.064470011,0.681738981,1.461788063,19.47045204,1121.702795,11868871880,50298612283,351230540.7,6683.75
96,74.92235427,0.050324941,0.513805112,1.137876392,21.10335904,1042.536395,11031202704,64999545787,255402410.1,3706.75
97,78.75977722,0.050830738,0.563263591,1.989362037,19.86646554,823.07778,8709084759,53942629453,181196455.6,6395.75
98,16.93984199,0.052077144,0.474507852,1.79933649,18.3632385,811.992884,8591794144,40428242275,216093034,6879.75
99,30.94468593,0.070665077,0.379382739,0.603986323,17.61667133,900.1592334,9524692868,35458366580,358776904.4,6845
100,2.500190922,0.05811567,0.517136741,0.659872164,17.9888735,1054.623659,11159099495,36894566044,458856698.5,6783.25
101,10.82473984,0.077977505,0.654688127,0.117385012,19.3419884,985.2989892,10425566841,50564787358,663136991.7,6761.25
102,31.41691657,0.07872855,0.432338709,1.712714629,19.9621034,1041.432094,11019517962,57052040405,299098645.2,6327.5
103,29.55425291,0.070154685,0.518659274,0.987323151,16.86623605,991.797902,10494332617,29207971034,359002854.3,6840
104,82.56002896,0.074624686,0.709177506,1.390665241,21.70991151,1112.720198,11773825946,73882066720,340204888.2,2448.5
105,39.10100508,0.055295011,0.684769783,1.394190181,19.36183422,1008.63869,10672527017,48707557479,314024882.1,6708
106,34.36873689,0.052549275,0.671583779,0.123193151,18.75323261,894.8440206,9468451963,42936221312,529128390.5,6735
107,11.33096064,0.047913451,0.630509747,0.246834727,19.03071968,980.1492596,10371076933,44696784351,544895574.1,6718.25
108,72.14904946,0.074720069,0.6056307,0.349444989,18.69038946,935.0918066,9894318617,44382031618,456242954.3,6820
109,10.05620073,0.059836364,0.52936008,0.522353589,16.4402164,926.0563614,9798713487,25400409007,442368444,6820.25
110,67.07926905,0.075962841,0.688951523,1.277097968,17.41798725,1029.645334,10894800833,33733549157,325820987.4,6858
111,79.23680851,0.073996094,0.838096713,1.23871542,18.99613987,885.6185718,9370836383,47445857053,309950781.5,6844.75
112,26.33646063,0.051326924,0.44828435,0.946914785,19.08463997,1067.520928,11295567045,45570436386,339637589.7,6720.75
113,28.58459135,0.068117495,0.653034014,0.837060327,19.89551807,1053.260381,11144674483,54846862746,441862161.3,6283.5
114,34.66652189,0.063908363,0.612486962,1.652588729,20.74181742,974.3131824,10309324701,63427221841,295154776.6,4586.5
115,23.92860775,0.046630672,0.664824067,2.039455912,19.5305182,999.8438759,10579468033,49479725049,272256997.8,6630.75
116,73.21176108,0.060264898,0.647484169,2.004202922,16.7679989,913.263908,9663355002,27873732785,229409130.2,6893.25
117,47.75618885,0.068208597,0.740619065,1.697529443,18.0131147,1065.652774,11275799882,37927357597,334817837.9,6826.25
118,52.43632146,0.072975952,0.522975854,0.99517287,17.67091945,1043.458719,11040961917,35560952265,339233719,6826.75
119,14.98040786,0.074281046,0.619264676,0.240277864,18.51019546,1072.084379,11343853468,42463724562,633492271.7,6813
120,46.91082286,0.041302831,0.568084263,1.735361239,19.13601438,1023.134259,10825906375,45106159580,234594251.5,6741
121,19.75504379,0.061787409,0.741807145,1.02808237,22.42931475,970.9609623,10273854458,80367574257,410825091.1,418.75
122,70.40947564,0.063270804,0.642810738,1.060002428,18.81789188,878.6831795,9297452164,44886249099,273222792.9,6828.75
123,30.30903323,0.078421832,0.442103403,0.731248673,18.80704073,1180.263472,12488509432,45287533153,464427536.3,6784.5
124,61.60637224,0.055846141,0.759282699,1.538932798,22.6492423,1149.997503,12168261578,81288051723,335996560.7,141
125,58.88619149,0.063577385,0.613973256,1.425820605,19.96991733,843.8167063,8928525827,56113213592,240886466.9,6248
126,68.38250773,0.058044168,0.579640612,1.937460323,17.69805281,952.8668036,10082397993,34915203559,225718004.5,6872.75
127,9.871385282,0.06124698,0.737518939,0.166890439,18.48968933,856.7195611,9065052482,41733412149,584305603.2,6808
128,11.70155709,0.060643294,0.593453329,1.574161408,20.042354,1033.097232,10931325781,55832149401,331092611.2,6047.5
129,55.45709887,0.060557648,0.84637184,0.721963257,19.67069699,979.7169985,10366503127,51912158108,425395323.5,6480
130,20.23060882,0.068935067,0.827815963,1.835094039,17.43165004,1017.07304,10761771881,33481007187,370601133.7,6845.75
131,81.30990019,0.071892963,0.745195127,2.083699915,18.88790817,1017.268412,10763839142,46065377513,291404390.3,6856.25
132,38.987033,0.061454048,0.435685612,0.830873061,19.39058213,1022.393955,10818073130,49591960065,338688431.7,6705.5
133,47.32634843,0.051410132,0.63315814,0.324611789,18.72761779,1082.93643,11458680320,41964522629,501896136.2,6705
134,82.08694339,0.085628484,0.602392253,1.182874162,18.24442293,968.571961,10248576148,41522118727,305790297.7,6890
135,35.8178309,0.032700457,0.487690929,0.769087985,20.32292607,1044.896503,11056175283,54677162444,313441589.6,5064.75
136,65.32777802,0.044490772,0.369159654,1.753166814,20.29412496,1090.747101,11541325960,56317552889,199911848.1,5318.75
137,44.17488712,0.080349581,0.596223444,0.610286796,19.41243468,957.0999825,10127189767,51685054889,431121618.1,6750.75
138,29.3517392,0.069258682,0.562434948,1.018488235,18.05281523,802.8366438,8494910868,39225125955,309603567.1,6866.25
139,65.55615703,0.054801108,0.751423794,0.36662891,21.63467225,770.8957644,8156940590,71530500721,398490262.8,2486.75
140,47.44614885,0.064805177,0.546687283,0.14566419,18.03729562,1033.984853,10940717811,37662004932,542206197.8,6771.75
141,34.00350641,0.062578624,0.621644071,1.296827594,18.53748195,1108.684276,11731121371,41721617872,362019301.9,6776.25
142,39.91885105,0.051577615,0.606880631,1.101081934,17.33270555,977.3627021,10341592034,31266982528,306398784.5,6782.25
143,6.861803704,0.061087548,0.77707813,0.101032737,19.04587426,1208.968859,12792244573,45351869206,791487884.2,6746
144,48.13088659,0.049731597,0.547837235,1.891691608,17.2509948,1129.814614,11954704009,30128685430,267058235,6798.25
145,50.78236565,0.061326833,0.408641204,1.050682861,20.89101997,1071.323246,11335799824,64159979411,296111147.8,4209
146,4.441728264,0.07318925,0.51154016,2.049487809,20.50270582,1124.104954,11894289410,61576957262,327101275.9,5178.5
147,6.49850464,0.061995331,0.675657256,1.115062547,19.93233687,972.8865707,10294229551,54961429434,392273449.1,6239
148,51.82950047,0.041576653,0.392671291,1.865418092,16.52921312,994.5950691,10523929778,24422185933,186900382.8,6838.25
149,14.18523613,0.034492239,0.589510963,0.97089543,16.41691251,785.4596014,8311042298,23465689999,269152339.1,6781.75
150,38.07264477,0.056396993,0.581156954,1.781032437,21.59768148,1187.649709,12566664091,70441175583,325032896.6,2447.5
151,9.112035825,0.050157701,0.678892361,0.37114492,18.59058785,1006.26598,10647421087,41051327903,540152086.4,6748.75
152,17.91501249,0.062440892,0.626306488,0.412375189,21.04743459,868.068777,9185139898,66267100280,473128178.7,4043.25
153,26.65497674,0.072113541,0.651397244,0.185961623,16.94593114,1110.266762,11747865841,29479242563,654024533.3,6815
154,62.06488731,0.049054595,0.800851555,0.707519764,19.61017017,1107.382086,11717342737,49545993126,430770054.5,6441.75
155,56.83586766,0.049277615,0.632225236,0.957058251,17.59262213,934.5892645,9889001158,33102312843,286442453,6787.5
156,55.09635072,0.071640537,0.475678668,1.192131225,19.305069,1015.407464,10744148229,49901342226,290809230.7,6784
157,32.9036983,0.081512706,0.64594995,0.93190969,20.06985768,1012.354225,10711841533,58081188629,425632507,6099.25
158,44.60566359,0.038583968,0.729331749,1.098540441,18.63987732,1009.605512,10682757079,40212548001,308922230.3,6704
159,41.85080147,0.035764298,0.559817461,1.308060961,19.28343166,834.2131132,8826909056,46351828175,207900995,6720.25
160,57.97032599,0.065005133,0.58232467,1.268616671,18.39556347,1152.069447,12190185066,40525850473,331797218.5,6784
161,3.54431246,0.051254453,0.533163038,0.801121998,18.71378571,1000.961838,10591297319,42456467973,398926845,6761
162,84.36795799,0.05342292,0.603763859,1.93093526,19.06289081,1049.823742,11108310991,45738335239,241810292.2,6802
163,62.19338948,0.021368197,0.430509619,0.59759735,21.38924912,1087.560708,11507610355,62965051999,285423238.1,2370.5
164,83.14643876,0.045095566,0.670850626,1.193395991,18.91181001,1136.577636,12026264351,42861370554,297984691.4,6718.75
165,59.84217927,0.059414077,0.484520219,0.911557608,19.1479554,1016.307599,10753672657,47075315571,299282168.3,6761.25
166,66.83665863,0.075155772,0.631489386,1.355885059,18.85582038,1037.748786,10980544429,45895468360,307955830.7,6830.5
167,77.2910422,0.04583142,0.543127898,0.643239062,18.86455672,957.1674342,10127903481,43053751687,314515936.4,6748
168,16.47994846,0.04702314,0.415162348,1.614433277,18.91316338,986.23052,10435423479,44047427134,245270991.2,6789.25
169,48.67195731,0.057621916,0.343637238,0.624633847,16.32778896,1096.782593,11605188233,23956232610,349854042.4,6779.25
170,56.30338587,0.04300589,0.857800829,0.539038682,23.46878751,827.9976159,8761142134,88909294812,388689796.3,182.75
171,1.29262821,0.031817884,0.521452425,0.270584329,20.16224684,1069.287378,11314258062,52728964063,518420523.4,5416
172,12.89842444,0.066601203,0.694546339,0.682540342,18.14678909,949.5446608,10047246001,39190218910,470326273.1,6817.25
173,79.74517774,0.055983069,0.636408031,1.725508322,18.66780084,1057.314114,11187567523,42376018315,257818546,6810
174,71.5671073,0.062223479,0.625996278,1.668481023,17.11330845,1019.411949,10786520159,30347948299,260813555.9,6855.5
175,57.49042932,0.051864459,0.643166202,1.962618088,18.2071152,913.9189758,9670286353,38588724442,225993660.3,6849.75
176,71.31797478,0.047845397,0.570396008,1.364263706,19.50979912,1020.373309,10796692425,49205133808,237418124.4,6646.25
177,43.02678451,0.054486766,0.805330905,0.573826161,17.88061368,862.0781819,9121752692,35990499865,411534238,6781
178,12.93534363,0.053653934,0.550476169,1.60801006,20.12124521,1058.070407,11195569941,55734412511,311242502.9,5826
179,39.89181287,0.073039009,0.617587536,0.503984503,18.42738846,860.4116715,9104119145,42333869451,420677938.6,6832
180,70.96042134,0.076663421,0.503115338,0.96115157,15.3152143,998.1555524,10561603679,18550884234,310998509.9,6877.75
181,8.766775986,0.054641785,0.834531574,0.391187598,19.29835266,1013.658139,10725638404,47672617302,597919915.1,6697.75
182,39.35961661,0.030845708,0.665291592,0.798606893,16.12859683,947.5596042,10026241879,20620198559,308742988.8,6704.25
183,5.937035786,0.056923366,0.706549429,0.556576652,19.98828491,1004.293716,10626552329,54587261427,516791406.1,6073.25
184,75.66865615,0.066990482,0.659319407,1.379854435,18.95658811,1115.071659,11798707028,45753976656,314358381.2,6793.5
185,0.1158187,0.073640611,0.491835605,1.441442984,19.23942665,885.0793415,9365130722,50079657360,303093100.4,6845.5
186,55.78252214,0.046955246,0.388746156,0.546328766,17.30294536,1052.075199,11132133931,30292881822,333006167.9,6749.25
187,30.23428759,0.093709804,0.545507739,1.242300494,16.83313605,995.5700165,10534245812,30573906991,374669252.8,6906.75
188,37.34614228,0.075494907,0.794619264,2.077777695,18.93694165,881.0110205,9322083330,47338542234,306311583.9,6873
189,1.995382119,0.055719253,0.615897,0.107514932,19.32699324,1080.26788,11430444072,47864608676,663480816.8,6691.75
190,22.77767227,0.076583544,0.444453687,1.21682768,19.26909251,1046.125807,11069182697,50004603691,351327908.3,6791.75
191,73.92180895,0.071476111,0.4689133,0.305894891,14.85633951,1085.6436,11487325205,15303846529,479460476.7,6823
192,24.49629056,0.103190656,0.42881984,1.971470704,17.92904555,807.5241116,8544509527,40963184558,270904682.2,7003.75
193,2.782422849,0.06771529,0.638577566,0.651400254,22.08283613,1028.188338,10879384183,77074831220,511502731.3,1312.75
194,13.69449536,0.050997161,0.44948734,0.341698948,16.05770411,937.2607681,9917268658,21989617930,444849986.4,6782.75
195,4.5584249,0.054525556,0.553199183,0.294975731,18.69985604,1088.930624,11522105604,42223425261,575239260.7,6750.25
196,46.55517533,0.053023268,0.597841553,0.903855762,19.2119138,988.5958481,10460451300,47029385169,326605514.1,6717
197,46.19928238,0.06175443,0.700940231,1.565756292,21.25967304,1094.701659,11583169622,67833462020,334360776.1,3456.75
198,19.93057653,0.077393609,0.334523068,0.456175402,20.83332054,1030.535678,10904221677,65347592191,458569815.5,4516.5
199,20.73473495,0.033439757,0.556630597,0.582294925,18.17230584,855.80797,9055406828,36342038911,335107112.2,6716
200,66.21612846,0.070403462,0.520404716,1.49091104,18.08206641,816.6539231,8641113159,39547745525,217713451.6,6919
201,67.39655347,0.076404277,0.750758845,1.728661323,17.82384848,963.5181119,10195100764,37327414713,296971666,6885
202,5.426457368,0.04240591,0.542480463,0.551836473,22.22117608,953.3774946,10087801676,75465655832,423335081.2,519.75
203,87.79673527,0.042168758,0.587772978,1.146943644,20.5923166,1125.028203,11904058416,58353239591,278599298.9,4537.75
204,64.27661499,0.065941683,0.669911893,1.509980164,17.58489457,1056.212962,11175916098,34248677440,298630885.7,6833.25
205,30.62091961,0.046670366,0.777893085,1.41144067,18.61987132,964.2983118,10203356153,41225103695,315985395.6,6750.25
206,40.65231677,0.066341204,0.598446449,0.399796826,19.54900224,1097.700832,11614904230,51016945721,521286526.1,6579.25
207,57.60760979,0.072084318,0.673967674,1.54423949,20.4051738,1000.215851,10583403941,60702309331,302444732.2,5310
208,25.43142827,0.049137217,0.696534943,0.487790652,17.76578399,891.0712944,9428532294,34585185280,434529240.7,6759.25
209,81.10976519,0.067374086,0.760081417,0.755883286,18.37197142,1164.903712,12325985969,40219306213,463543392.7,6777
210,64.96140015,0.074438728,0.607391428,0.228159979,18.10994302,825.7137988,8736976790,39673125163,452025946.5,6840.5
211,32.03874373,0.044964846,0.624419724,0.703542938,18.73546425,983.6597859,10408222234,41861763152,376604928.7,6719.5
212,12.09936751,0.05063209,0.721457149,0.514468378,20.71960637,1100.856162,11648291157,60509819799,551718583.7,4466.25
213,12.50463219,0.056744587,0.722869337,0.692844724,16.66286399,1047.30078,11081615230,26402876873,493340734.3,6783.5
214,25.68704479,0.023723812,0.780002721,0.429595733,18.35372018,1152.688599,12196736388,35396601231,518568449.4,6585.5
215,76.79841154,0.091107918,0.595057383,1.79288585,19.80027703,903.1600797,9556445182,57002385408,266263482.4,6631.5
216,33.77384142,0.06951005,0.494287165,1.347538404,19.65727295,1093.284849,11568178183,52819561260,334748105.7,6585.75
217,63.48129731,0.036467551,0.534809123,0.569236232,18.26728865,1003.65755,10619820974,36776850009,322734195.5,6706.5
218,8.212665292,0.080775034,0.772214129,1.080249115,15.09498574,841.3276522,8902188848,17708536429,410042695.1,6903.75
219,76.31937272,0.090042289,0.592177333,2.019608546,20.63553735,1059.990058,11215882003,64801600468,301873054,4994
220,68.53197246,0.062099037,0.497316971,0.221472876,20.1997933,1118.255371,11832394276,56628202268,511253948.3,5605.5
221,20.58205825,0.063396454,0.704582768,0.763629776,17.65985133,1028.536693,10883070174,34707237630,465628846.4,6794
222,84.04250979,0.082918665,0.675081242,1.840991679,21.30713751,950.1373301,10053517106,71485013425,282101201,3640.25
223,70.70606891,0.06871529,0.561097424,0.423973836,18.47619836,969.8787769,10262403724,41890109376,422514419.3,6807
224,5.061655002,0.070448573,0.657085795,1.368019817,20.25941681,1170.226201,12382303855,58381899669,437682748.5,5630.75
225,32.29222131,0.038443094,0.56419883,1.568077273,20.76967305,1061.686371,11233830891,60068375345,266246344,4229.25
226,43.48571497,0.045608432,0.638096684,1.005187658,19.70376753,945.786917,10007484863,50902976375,299166766.1,6407
227,86.48224609,0.078330159,0.775030504,1.286874615,22.05258803,967.0463259,10232433220,78482154462,326857775.1,1545.5
228,89.26274917,0.071088923,0.439623046,2.059394374,18.64647496,992.7365292,10504264344,44089772273,224345159.1,6903.5
229,35.22378423,0.066222493,0.660217692,2.045739898,18.41668634,1084.336212,11473491580,41220094718,320789612.3,6824
230,86.33809785,0.044441937,0.708050495,1.9091832,17.6338122,902.4369494,9548793654,33164803282,210751573.6,6843.75
231,24.06296732,0.057817834,0.690005624,0.694495488,19.94401452,1079.177269,11418904179,54013046639,480050474.7,6127.75
232,87.06210249,0.069432877,0.499638812,1.6051296,20.42260307,978.9755723,10358658007,60867134395,237561383.3,5287.25
233,23.05273908,0.048223226,0.870564635,0.194759782,21.97096938,1020.901146,10802277533,72765618411,647077046.6,1315.75
234,73.57855784,0.044106408,0.668397943,1.661732117,19.73372916,887.7149502,9393018413,51396842245,206034656.1,6458.25
235,84.96478956,0.081258568,0.576876747,1.211751423,19.22179414,1178.004891,12464611110,49321458190,353547629.2,6793.5
236,29.86738766,0.068372409,0.568939367,0.93755171,21.42230676,808.1963257,8551622306,71468914895,323706349.5,3212.75
237,55.96267202,0.05833907,0.819571417,1.588737319,20.61875605,1144.656997,12111753041,60590717741,354847037.9,4673.5
238,36.24309556,0.055102548,0.463243147,0.921029002,20.23183976,990.8305857,10484097327,57080584345,315034380.8,5554.75
239,15.071903,0.057264967,0.842262642,0.880020425,21.53846358,938.4544328,9929898968,70433568819,448082764.4,2714.5
240,60.40248672,0.079228314,0.510362273,1.170305359,18.55184463,899.9620671,9522606627,44025859924,275271343.2,6884
241,41.31645484,0.047299597,0.764155946,2.07035286,20.99248634,1133.022764,11988649824,63184775617,316006048.4,3892
242,52.8092029,0.066585759,0.616573451,0.627875135,20.53858256,892.1006199,9439423711,61542217170,371561754.1,4998
243,42.10800155,0.062646683,0.762666676,0.848456516,17.74513178,1050.164598,11111917634,35160629653,428932203,6783.25
244,80.65038738,0.048291726,0.714832117,1.941400097,18.56488436,1064.86838,11267500115,40639610643,258095629,6791
245,49.54329183,0.053312286,0.526529173,1.503890269,18.76710679,969.5482676,10258906566,43346180044,242703441.8,6811.5
246,26.79112318,0.060418554,0.792755626,1.640900975,20.09170658,981.1491906,10381657323,56349204800,341520973.6,5942.25
247,62.90160515,0.06523044,0.446067554,0.191485726,20.30559516,869.4767383,9200037705,59042615786,418435472.6,5457.75
248,19.26321846,0.058580628,0.527340452,0.619612395,17.07614156,1104.941044,11691513776,29554148664,466740803.5,6771
249,10.52798418,0.057913635,0.615046751,1.165862243,19.00979119,1007.654076,10662108699,45793675518,369025793.5,6769.75
250,65.81491899,0.047562457,0.784109605,1.459420057,19.49386739,838.335699,8870530632,49602977498,233361630.5,6697
251,52.752429,0.042667184,0.724809308,1.954063481,18.46686523,1040.752825,11012330530,39303231129,259422331.5,6767.75
252,36.36576059,0.059665371,0.498979965,1.322272718,18.33559111,879.6244683,9307412054,40569815673,258077989.5,6845.25
253,34.81741751,0.059033826,0.582501609,1.883652348,19.44010179,1156.541985,12237509523,49487627995,318109557.4,6689.5
254,5.293800335,0.067460115,0.586022967,0.374690035,20.79325065,986.3582774,10436775296,63797265801,547275422.1,4533.5
255,14.40393648,0.072659463,0.500876765,2.092223761,19.58241404,793.2060937,8393008862,53738834478,238172859,6784.25
256,80.82529908,0.079941467,0.400128389,1.257145605,18.23768054,1102.682581,11667616710,40710246091,281365053.3,6869.75
257,43.98105252,0.05888164,0.535442006,0.440377868,18.21526138,1113.441629,11781459489,38420542229,471636630.1,6741.5
258,73.11011367,0.099278046,0.566460539,0.330087011,17.80512176,917.6005832,9709241883,38730474726,487013154.4,6896.75
259,89.95127448,0.05273834,0.655667549,1.173962228,19.42355441,1025.977319,10855989125,48813551225,283102439.6,6694.25
260,0.457035377,0.075057405,0.574377412,1.06848347,19.56916781,960.2913168,10160957658,52918388653,396086173.8,6694
261,23.23855039,0.077305384,0.451475219,0.179896325,17.85108885,1003.115916,10614089878,37459621993,556679096.1,6826.75
262,45.63931201,0.080495389,0.460484577,1.558965797,18.60102769,1076.314789,11388615938,44133962923,305472758.5,6859
263,77.61715623,0.037507281,0.64062446,0.979040762,20.94117168,1038.50397,10988535124,61376231127,279249681.5,3874
264,89.58685333,0.029992834,0.797358312,0.875151903,19.77004483,966.3727687,10225306231,49101454128,303610939.6,6154
265,8.056780573,0.065293985,0.710606989,0.980967421,16.98311462,1005.151738,10635631154,29670428482,438273991.4,6825.25
266,35.56118159,0.050774535,0.515049762,0.79058185,20.37133663,1074.785956,11372439171,57471980954,369284227.6,5159.75
267,45.12790486,0.06396658,0.68578038,1.469900935,19.47972316,1011.494254,10702742080,50746832304,316314586.9,6699.5
268,63.00980443,0.067120967,0.465295864,1.112107317,20.67780876,930.4867014,9845591446,63230449672,258347935.5,4714.75
269,63.8207461,0.084858612,0.635287553,0.158170388,18.06824702,983.0937267,10402232694,39634358814,564230286.2,6847.25
270,24.83315794,0.056685803,0.634376097,0.280759628,17.23259616,954.446529,10099113257,30908010394,517566585.2,6778.75
271,6.0565695,0.043871048,0.620559175,0.664559905,17.2752631,1160.848523,12283077522,29573085691,495302313.5,6727.25
272,10.20712699,0.071286721,0.506622653,1.87599766,19.17261597,1007.099048,10656235876,48842231508,300118340.9,6833
273,62.59793713,0.058484597,0.61123086,0.359965071,17.96135485,941.1384887,9958299285,36710867053,424819156.7,6775.5
274,67.7911856,0.053949536,0.486046166,1.744717913,21.50108207,944.5299939,9994185209,70354655989,205918798.6,2741.25
275,45.43364161,0.058733341,0.530032207,1.076010349,19.20082458,924.9331073,9786828201,47897874538,283049827.2,6772.25
276,72.82661787,0.049983028,0.604814246,1.033693719,15.86862765,1099.800054,11637116348,20138367895,304180861.8,6774.75
277,15.74108924,0.065653473,0.531461811,0.4052182,18.31033185,897.6264134,9497892796,40656560804,465631552.1,6812.75
278,53.4181171,0.039240835,0.733528907,1.342500079,21.34979582,987.7314778,10451305294,66077110285,268963484.8,2875
279,64.74984677,0.031742318,0.628410976,0.861271936,19.6912355,1073.346191,11357204845,48342872435,297491501.4,6271
280,50.59353588,0.052565354,0.826050076,1.706350289,16.29749488,895.8850887,9479467630,23798960692,271025244.9,6835.75
281,43.67519529,0.07695302,0.477028525,1.222169024,17.72409847,795.9854881,8422417967,37201910405,259743323,6913.25
282,83.97095922,0.059329647,0.623433682,1.523808592,20.47226311,951.5730152,10068708263,60204222153,241692736.8,5090.25
283,28.3193028,0.057576435,0.557505401,1.045965304,20.05354099,765.0142899,8094708003,56528058811,277211568.9,6050
284,60.88631908,0.070021968,0.461413565,0.5324046,20.96425581,928.1951042,9821343781,66166916664,361914901.2,4177
285,42.86506004,0.036931999,0.745065115,1.549015944,19.22859592,1062.33169,11240659096,45081769398,286950094.3,6667.75
286,48.30775677,0.062814393,0.601413648,1.800737311,20.38836296,853.7475861,9033605658,60289905719,237758542.5,5356.75
287,80.0279325,0.057161249,0.725503392,1.022028732,17.83689471,1126.017652,11914527897,35100182799,357834959.4,6776.5
288,87.55252931,0.072354605,0.503634642,0.733551675,23.03342755,864.097489,9143119222,88823324173,322776599.1,152
289,52.03286079,0.039713315,0.661711803,1.439186454,19.52096698,1119.71775,11847867874,47894038029,284674973.8,6539.5
290,1.670224594,0.043654073,0.472169487,0.319018446,17.50108992,995.8173387,10536862758,31791851705,482961404.9,6749
291,17.44815782,0.055546694,0.610590057,1.133266492,21.89000679,920.6373702,10607532765,56787988428,302940606.8,6534.5
292,40.99326888,0.088786277,0.414750514,1.45065088,19.83226194,1002.496216,9741374490,74328829961,335197427.4,1660.25
293,54.4864183,0.064280834,0.423643045,1.77114313,17.48519823,989.8656156,10473886862,33721427637,229850586.4,6884.75
294,2.240608667,0.082890756,0.692022583,2.065177293,15.78312484,939.7760704,9943883374,22273135674,327282443.3,6922.75
295,11.43356035,0.052351123,0.403226815,0.890209039,20.564312,833.6013729,8820436159,60782283993,293432611.6,4930.5
296,28.89082507,0.054175141,0.454268816,1.334865998,19.72658679,1234.221252,13059443175,51314576723,348393013.4,6402.75
297,77.09189308,0.047491498,0.371093089,1.686179844,18.2735368,1010.728668,10694641321,38445404690,183347407.1,6844
298,68.83109492,0.054992571,0.554541073,0.212457854,21.15971029,1044.370754,11050612269,65548200122,490233181.4,3650.25
299,51.30060687,0.041611371,0.571579214,1.983265712,19.5923335,1058.815917,11203458271,49246952901,232747094.3,6564.5